family_id,subfamily_id,display_name,installation_class,entry_tl,tl1_milestone,tl2_milestone,tl3_milestone,tl4_milestone,tl5_milestone,tl6_milestone,tl7_milestone,tl8_milestone,tl9_milestone
pds,aux_kinetic_pds,Kinetic Point-Defense Battery,auxiliary_capacity,1,Entry: modest accuracy; ammo-fed,Accuracy refinement,Ammunition efficiency,Reaction-capacity review,Evasive compensation,Accuracy/reliability,Reaction-capacity review,Ammo/power efficiency,Pinnacle conventional PDS
pds,aux_energy_pds,Energy Point-Defense Array,auxiliary_capacity,1,"Entry: modest powered, ammunition-free defense",Accuracy refinement,Power efficiency,Accuracy refinement,Reaction-capacity review,Evasive compensation,Power efficiency,Accuracy/reliability,Pinnacle energy PDS
pds,aux_amm_pds,Anti-Missile Missile Battery,auxiliary_capacity,1,Entry: modest finite-interceptor defense,Seeker/reliability refinement,Salvo/ammunition efficiency,Seeker accuracy,Salvo/ammo efficiency,Reaction-capacity review,Counter-countermeasures,Reliability,Pinnacle interceptor PDS
power_support,aux_apu,Auxiliary Power Unit,auxiliary_capacity,1,Entry: core continuity only,-,Endurance/reliability,-,Isolation improvement,-,Resilience refinement,-,Pinnacle continuity
power_support,aux_combat_battery,Combat Battery,auxiliary_capacity,1,Entry: +1 TP; 3 uses,-,Charge-density review,-,Output/uses trade study,-,Storage efficiency,Reliability,Pinnacle finite burst
power_support,aux_power_capacitor,Power Capacitor,auxiliary_capacity,2,Not available,Entry: charge then discharge,Charge efficiency,-,Stored-power review,-,Timing/reliability,-,Pinnacle capacitor
power_support,aux_auxiliary_reactor,Auxiliary Reactor,auxiliary_capacity,3,Not available,Not available,Entry: renewable output; cap 2,Containment/reliability,Output efficiency,Degraded-output refinement,-,Containment/output review,Pinnacle auxiliary generation
shield_support,aux_shield_battery,Shield Battery,auxiliary_capacity,3,Not available,Not available,Entry: finite shield restoration,-,Storage efficiency,-,Restoration efficiency,-,Pinnacle shield reserve
shield_support,aux_shield_booster,Shield Booster,auxiliary_capacity,3,Not available,Not available,Entry: bounded capacity boost,Overcharge reliability,-,Capacity efficiency,-,Stress control,Pinnacle shield boost
shield_support,aux_power_stabilizer,Shield Power Stabilizer,auxiliary_capacity,3,Not available,Not available,Entry: recharge efficiency,-,Power efficiency,-,Overload stability,-,Pinnacle stabilization
shield_support,aux_shield_hardener,Shield Hardener,auxiliary_capacity,4,Not available,Not available,Not available,Entry: bounded shield hardening,Power efficiency,-,Protection refinement,-,Pinnacle hardening
armor_support,aux_ablative_armor,Ablative Armor Layer,auxiliary_capacity,1,Entry: expendable outer layer,-,Material efficiency,-,AP/AI efficiency,-,Capacity efficiency,-,Pinnacle ablative layer
armor_support,aux_energized_armor_controller,Energized Armor Controller,auxiliary_capacity,4,Not available,Not available,Not available,Entry: powered armor bonus,Power efficiency,-,Protection refinement,-,Pinnacle energized armor
maneuver_support,aux_evasive_maneuver_system,Evasive Maneuver System,auxiliary_capacity,1,Entry: conventional EvM support,-,Compensation support,Fuel/power efficiency,-,Reliability,-,Compensation efficiency,Pinnacle maneuver support
sensor_ew_support,aux_active_sensor_array,Active Sensor Array,auxiliary_capacity,1,Entry: active range/reacquisition,Discrimination,Power efficiency,Range refinement,Reacquisition,ECCM support,Precision,Efficiency,Pinnacle active sensing
sensor_ew_support,aux_ecm_suite,Electronic Countermeasures Suite,auxiliary_capacity,1,Entry: modest conventional ECM,Strength refinement,Power efficiency,Screen efficiency,-,Strength/reliability,Network integration,Efficiency,Pinnacle ECM
sensor_ew_support,aux_eccm_suite,Electronic Counter-Countermeasures Suite,auxiliary_capacity,1,Entry: modest conventional ECCM,Strength refinement,Power efficiency,Discrimination,-,Strength/reliability,Network integration,Efficiency,Pinnacle ECCM
sensor_ew_support,aux_communications_relay,Tactical Communications Relay,auxiliary_capacity,2,Not available,Entry: tactical relay,Reliability,Reach,Relay efficiency,Latency/reliability,Network resilience,Reach,Pinnacle relay
maneuver_support,aux_tractor_projector,Tractor Projector,auxiliary_capacity,4,Not available,Not available,Not available,Entry: bounded tractor control,Power efficiency,Strength review,-,Control precision,Pinnacle tractor control
repair_support,standard_human_damage_control,Human Damage-Control Crews,dedicated_core_integration,1,Entry: human crews,Tools/procedures,Access/materials,Retained alongside robotics,Retained,Retained,Retained,Retained,Retained
repair_support,aux_repair_drone_bay,Repair Drone Bay,auxiliary_capacity,4,Not available,Not available,Not available,Entry: robotic repair assistance,Robotics efficiency,Autonomous diagnostics/fabrication,Superseded or paired with self-healing,-,-
repair_support,aux_self_healing_repair,Self-Healing Repair System,auxiliary_capacity,7,Not available,Not available,Not available,Not available,Not available,Not available,Entry: bounded self-healing,Efficiency/reliability,Pinnacle self-healing
utility_support,aux_hangar_bay,Auxiliary Hangar Bay,auxiliary_capacity,3,Not available,Not available,Entry: additional craft capacity,-,Launch/recovery efficiency,-,Capacity/integration,-,Pinnacle hangar support
utility_support,aux_laboratory_module,Laboratory Module,auxiliary_capacity,1,Entry: specialist laboratory,-,Throughput/analysis,-,Efficiency,-,Advanced analysis,-,Pinnacle laboratory
utility_support,aux_mining_module,Mining Module,auxiliary_capacity,1,Entry: specialist mining,-,Throughput,-,Efficiency,-,Advanced extraction,-,Pinnacle mining
utility_support,aux_fabrication_module,Fabrication Module,auxiliary_capacity,3,Not available,Not available,Entry: bounded fabrication,Process control,-,Efficiency,-,Advanced conversion,Pinnacle fabrication
utility_support,aux_cargo_expansion,Cargo Expansion Module,auxiliary_capacity,1,Entry: cargo expansion,-,Capacity efficiency,-,Integration efficiency,-,Advanced storage,-,Pinnacle cargo support
utility_support,aux_kinetic_magazine_expansion,Kinetic Magazine Expansion,auxiliary_capacity,1,Entry: extra Kinetic reserve,-,Protection/capacity,-,Reload efficiency,-,Capacity efficiency,-,Pinnacle Kinetic stores
utility_support,aux_missile_magazine_expansion,Missile Magazine Expansion,auxiliary_capacity,1,Entry: extra Missile reserve,-,Protection/capacity,-,Reload efficiency,-,Capacity efficiency,-,Pinnacle Missile stores
