technology_id,technology_name,component_family_id,component_family_name,tl,component_id,display_name,short_name,progression_basis,mechanical_promise,candidate_capability_tags,name_status,mechanics_status,review_flag,confidence,compatibility_profile_id,required_capability_tags,non_emulatable_capability_tags,compatibility_override_status,compatibility_notes,reference_influence_ids,originality_guardrail,numeric_status,framework_status
hull,Hull,hull,Standard Cruiser Hull,1,hull_standard_tl_01,Welded Pressure Hull,Pressure Hull,structural architecture,"Baseline Hull Points, limited installation capacity, one shuttle, and minimal compartmentation.",pressure_hull,intentional_draft,provisional,,high,hull_foundation,,,use_family_profile,Per-item support floors and hard capability tags remain to be assigned during the numerical-mechanics pass.,T4_BIG_HULLS; T4_STARSHIPS; GURPS_SPACE; STARFIRE_ULTRA_COMPLETE,"Original Star Cluster draft. References influence patterns only; do not copy proprietary names, exact ladders, tables, numerical progressions, or core mechanics.",not_yet_assigned,checkpoint_23_reference_mined_draft
hull,Hull,hull,Standard Cruiser Hull,2,hull_standard_tl_02,Reinforced Spaceframe,Reinforced Spaceframe,structural architecture,Improved Hull Points and load tolerance without changing the cruiser-scale identity.,reinforced_structure,intentional_draft,provisional,,high,hull_foundation,,,use_family_profile,Per-item support floors and hard capability tags remain to be assigned during the numerical-mechanics pass.,T4_BIG_HULLS; T4_STARSHIPS; GURPS_SPACE; STARFIRE_ULTRA_COMPLETE,"Original Star Cluster draft. References influence patterns only; do not copy proprietary names, exact ladders, tables, numerical progressions, or core mechanics.",not_yet_assigned,checkpoint_23_reference_mined_draft
hull,Hull,hull,Standard Cruiser Hull,3,hull_standard_tl_03,Modular Truss Hull,Modular Truss,structural architecture,Major-refit friendliness; candidate second Weapon Bay and first Auxiliary capacity milestone.,modular_mounts,intentional_draft,provisional,Confirm exact bay milestone.,high,hull_foundation,,,use_family_profile,Per-item support floors and hard capability tags remain to be assigned during the numerical-mechanics pass. Existing review: Confirm exact bay milestone.,T4_BIG_HULLS; T4_STARSHIPS; GURPS_SPACE; STARFIRE_ULTRA_COMPLETE,"Original Star Cluster draft. References influence patterns only; do not copy proprietary names, exact ladders, tables, numerical progressions, or core mechanics.",not_yet_assigned,checkpoint_23_reference_mined_draft
hull,Hull,hull,Standard Cruiser Hull,4,hull_standard_tl_04,Cellular Compartment Hull,Cellular Hull,compartmentation,"Better internal isolation, stores organization, and resistance to cascading internal exposure.",cellular_compartmentation,intentional_draft,provisional,,high,hull_foundation,,,use_family_profile,Per-item support floors and hard capability tags remain to be assigned during the numerical-mechanics pass.,T4_BIG_HULLS; T4_STARSHIPS; GURPS_SPACE; STARFIRE_ULTRA_COMPLETE,"Original Star Cluster draft. References influence patterns only; do not copy proprietary names, exact ladders, tables, numerical progressions, or core mechanics.",not_yet_assigned,checkpoint_23_reference_mined_draft
hull,Hull,hull,Standard Cruiser Hull,5,hull_standard_tl_05,Integrated Monocoque Hull,Integrated Monocoque,integrated architecture,Higher structural efficiency and embedded power/data pathways that reduce installation overhead.,integrated_conduits,intentional_draft,provisional,,medium,hull_foundation,,,use_family_profile,Per-item support floors and hard capability tags remain to be assigned during the numerical-mechanics pass.,T4_BIG_HULLS; T4_STARSHIPS; GURPS_SPACE; STARFIRE_ULTRA_COMPLETE,"Original Star Cluster draft. References influence patterns only; do not copy proprietary names, exact ladders, tables, numerical progressions, or core mechanics.",not_yet_assigned,checkpoint_23_reference_mined_draft
hull,Hull,hull,Standard Cruiser Hull,6,hull_standard_tl_06,Distributed Loadframe,Distributed Loadframe,load distribution,Expanded support capacity; candidate third Weapon Bay or larger stores milestone.,distributed_load_paths,intentional_draft,provisional,Confirm exact capacity milestone.,high,hull_foundation,,,use_family_profile,Per-item support floors and hard capability tags remain to be assigned during the numerical-mechanics pass. Existing review: Confirm exact capacity milestone.,T4_BIG_HULLS; T4_STARSHIPS; GURPS_SPACE; STARFIRE_ULTRA_COMPLETE,"Original Star Cluster draft. References influence patterns only; do not copy proprietary names, exact ladders, tables, numerical progressions, or core mechanics.",not_yet_assigned,checkpoint_23_reference_mined_draft
hull,Hull,hull,Standard Cruiser Hull,7,hull_standard_tl_07,Metamaterial Stressframe,Metamaterial Stressframe,metamaterial structure,Reduced subsystem-failure penalties and improved damage-control access through engineered stress routing.,metamaterial_structure,intentional_draft,provisional,,medium,hull_foundation,,,use_family_profile,Per-item support floors and hard capability tags remain to be assigned during the numerical-mechanics pass.,T4_BIG_HULLS; T4_STARSHIPS; GURPS_SPACE; STARFIRE_ULTRA_COMPLETE,"Original Star Cluster draft. References influence patterns only; do not copy proprietary names, exact ladders, tables, numerical progressions, or core mechanics.",not_yet_assigned,checkpoint_23_reference_mined_draft
hull,Hull,hull,Standard Cruiser Hull,8,hull_standard_tl_08,Adaptive Lattice Hull,Adaptive Lattice,adaptive structure,High-end integration and structural tolerance for adapted high-TL or alien components.,adaptive_structure,intentional_draft,provisional,Define whether adaptation is passive or requires support electronics.,medium,hull_foundation,,,use_family_profile,Per-item support floors and hard capability tags remain to be assigned during the numerical-mechanics pass. Existing review: Define whether adaptation is passive or requires support electronics.,T4_BIG_HULLS; T4_STARSHIPS; GURPS_SPACE; STARFIRE_ULTRA_COMPLETE,"Original Star Cluster draft. References influence patterns only; do not copy proprietary names, exact ladders, tables, numerical progressions, or core mechanics.",not_yet_assigned,checkpoint_23_reference_mined_draft
hull,Hull,hull,Standard Cruiser Hull,9,hull_standard_tl_09,Programmable-Matter Hull,Programmable-Matter Hull,programmable matter,Final major refit with a campaign-defining structural benefit such as exceptional field reconstruction or final installation capacity.,programmable_matter,intentional_draft,provisional,Must receive a visible TL9 mechanic; name implies limited reconfiguration or reconstruction.,medium,hull_foundation,,,use_family_profile,Per-item support floors and hard capability tags remain to be assigned during the numerical-mechanics pass. Existing review: Must receive a visible TL9 mechanic; name implies limited reconfiguration or reconstruction.,T4_BIG_HULLS; T4_STARSHIPS; GURPS_SPACE; STARFIRE_ULTRA_COMPLETE,"Original Star Cluster draft. References influence patterns only; do not copy proprietary names, exact ladders, tables, numerical progressions, or core mechanics.",not_yet_assigned,checkpoint_23_reference_mined_draft
armor,Armor,armor,Standard Armor,1,armor_standard_tl_01,Rolled Alloy Plating,Alloy Plating,material,Baseline passive Armor Protection and Integrity; inexpensive and straightforward to repair.,alloy_armor,intentional_draft,provisional,,high,armor_hull_interface,,,use_family_profile,Per-item support floors and hard capability tags remain to be assigned during the numerical-mechanics pass.,MOO2_MANUAL; T4_STARSHIPS; GURPS_SPACE; STARFIRE_ULTRA_COMPLETE,"Original Star Cluster draft. References influence patterns only; do not copy proprietary names, exact ladders, tables, numerical progressions, or core mechanics.",not_yet_assigned,checkpoint_23_reference_mined_draft
armor,Armor,armor,Standard Armor,2,armor_standard_tl_02,Ceramic Composite Plating,Composite Plating,material,Improved protection-to-mass ratio and better resistance to heat and fragmentation.,ceramic_composite,intentional_draft,provisional,,high,armor_hull_interface,,,use_family_profile,Per-item support floors and hard capability tags remain to be assigned during the numerical-mechanics pass.,MOO2_MANUAL; T4_STARSHIPS; GURPS_SPACE; STARFIRE_ULTRA_COMPLETE,"Original Star Cluster draft. References influence patterns only; do not copy proprietary names, exact ladders, tables, numerical progressions, or core mechanics.",not_yet_assigned,checkpoint_23_reference_mined_draft
armor,Armor,armor,Standard Armor,3,armor_standard_tl_03,Titanium-Carbide Laminate,Titanium-Carbide Armor,laminate construction,Higher Integrity and more consistent per-packet protection.,carbide_laminate,intentional_draft,provisional,,high,armor_hull_interface,,,use_family_profile,Per-item support floors and hard capability tags remain to be assigned during the numerical-mechanics pass.,MOO2_MANUAL; T4_STARSHIPS; GURPS_SPACE; STARFIRE_ULTRA_COMPLETE,"Original Star Cluster draft. References influence patterns only; do not copy proprietary names, exact ladders, tables, numerical progressions, or core mechanics.",not_yet_assigned,checkpoint_23_reference_mined_draft
armor,Armor,armor,Standard Armor,4,armor_standard_tl_04,Nanobonded Armor,Nanobonded Armor,nanoengineering,"Improved layer adhesion, reduced spalling, and better repair compatibility.",nanobonded_materials,intentional_draft,provisional,,medium,armor_hull_interface,,,use_family_profile,Per-item support floors and hard capability tags remain to be assigned during the numerical-mechanics pass.,MOO2_MANUAL; T4_STARSHIPS; GURPS_SPACE; STARFIRE_ULTRA_COMPLETE,"Original Star Cluster draft. References influence patterns only; do not copy proprietary names, exact ladders, tables, numerical progressions, or core mechanics.",not_yet_assigned,checkpoint_23_reference_mined_draft
armor,Armor,armor,Standard Armor,5,armor_standard_tl_05,Diamondoid Composite Armor,Diamondoid Armor,advanced material,Mature midgame passive armor with high hardness and efficient structural support.,diamondoid_composite,intentional_draft,provisional,,medium,armor_hull_interface,,,use_family_profile,Per-item support floors and hard capability tags remain to be assigned during the numerical-mechanics pass.,MOO2_MANUAL; T4_STARSHIPS; GURPS_SPACE; STARFIRE_ULTRA_COMPLETE,"Original Star Cluster draft. References influence patterns only; do not copy proprietary names, exact ladders, tables, numerical progressions, or core mechanics.",not_yet_assigned,checkpoint_23_reference_mined_draft
armor,Armor,armor,Standard Armor,6,armor_standard_tl_06,Metamaterial Weave Armor,Metamaterial Armor,metamaterial,Engineered impact and energy-path control; candidate improved penetration resistance.,metamaterial_armor,intentional_draft,provisional,"Define whether benefit is Protection, Integrity efficiency, or penetration interaction.",medium,armor_hull_interface,,,use_family_profile,"Per-item support floors and hard capability tags remain to be assigned during the numerical-mechanics pass. Existing review: Define whether benefit is Protection, Integrity efficiency, or penetration interaction.",MOO2_MANUAL; T4_STARSHIPS; GURPS_SPACE; STARFIRE_ULTRA_COMPLETE,"Original Star Cluster draft. References influence patterns only; do not copy proprietary names, exact ladders, tables, numerical progressions, or core mechanics.",not_yet_assigned,checkpoint_23_reference_mined_draft
armor,Armor,armor,Standard Armor,7,armor_standard_tl_07,Shape-Memory Lattice Armor,Memory-Lattice Armor,adaptive material,Improved field repair and bounded recovery of deformed armor structure.,shape_memory_armor,intentional_draft,provisional,Name promises a repair or Integrity-restoration benefit.,medium,armor_hull_interface,,,use_family_profile,Per-item support floors and hard capability tags remain to be assigned during the numerical-mechanics pass. Existing review: Name promises a repair or Integrity-restoration benefit.,MOO2_MANUAL; T4_STARSHIPS; GURPS_SPACE; STARFIRE_ULTRA_COMPLETE,"Original Star Cluster draft. References influence patterns only; do not copy proprietary names, exact ladders, tables, numerical progressions, or core mechanics.",not_yet_assigned,checkpoint_23_reference_mined_draft
armor,Armor,armor,Standard Armor,8,armor_standard_tl_08,Ultradense Lattice Armor,Ultradense Armor,ultradense material,Very high passive protection and Integrity per installed capacity.,ultradense_materials,intentional_draft,provisional,Confirm mass/capacity tradeoff.,medium,armor_hull_interface,,,use_family_profile,Per-item support floors and hard capability tags remain to be assigned during the numerical-mechanics pass. Existing review: Confirm mass/capacity tradeoff.,MOO2_MANUAL; T4_STARSHIPS; GURPS_SPACE; STARFIRE_ULTRA_COMPLETE,"Original Star Cluster draft. References influence patterns only; do not copy proprietary names, exact ladders, tables, numerical progressions, or core mechanics.",not_yet_assigned,checkpoint_23_reference_mined_draft
armor,Armor,armor,Standard Armor,9,armor_standard_tl_09,Degenerate-Matter Laminate,Degenerate Laminate,exotic passive material,Pinnacle passive protection without requiring Tactical Power; exceptionally difficult to manufacture and repair.,degenerate_matter,intentional_draft,provisional,Keep distinct from alien/Precursor supermaterials.,medium,armor_hull_interface,,,use_family_profile,Per-item support floors and hard capability tags remain to be assigned during the numerical-mechanics pass. Existing review: Keep distinct from alien/Precursor supermaterials.,MOO2_MANUAL; T4_STARSHIPS; GURPS_SPACE; STARFIRE_ULTRA_COMPLETE,"Original Star Cluster draft. References influence patterns only; do not copy proprietary names, exact ladders, tables, numerical progressions, or core mechanics.",not_yet_assigned,checkpoint_23_reference_mined_draft
shields,Shields,shields,Standard Shield Generator,1,shields_standard_tl_01,Magnetic Deflector Array,Magnetic Deflector,field architecture,Minimal starter shield capacity; strong dependence on reactor support and limited recharge.,field_control,intentional_draft,provisional,,high,shield_power_control,,,use_family_profile,Per-item support floors and hard capability tags remain to be assigned during the numerical-mechanics pass.,MOO2_MANUAL; GURPS_SPACE; STARFIRE_ULTRA_COMPLETE,"Original Star Cluster draft. References influence patterns only; do not copy proprietary names, exact ladders, tables, numerical progressions, or core mechanics.",not_yet_assigned,checkpoint_23_reference_mined_draft
shields,Shields,shields,Standard Shield Generator,2,shields_standard_tl_02,Magnetoplasma Screen,Magnetoplasma Screen,field architecture,Improved capacity and broader protection against charged particles and energetic debris.,magnetoplasma_control,intentional_draft,provisional,,high,shield_power_control,,,use_family_profile,Per-item support floors and hard capability tags remain to be assigned during the numerical-mechanics pass.,MOO2_MANUAL; GURPS_SPACE; STARFIRE_ULTRA_COMPLETE,"Original Star Cluster draft. References influence patterns only; do not copy proprietary names, exact ladders, tables, numerical progressions, or core mechanics.",not_yet_assigned,checkpoint_23_reference_mined_draft
shields,Shields,shields,Standard Shield Generator,3,shields_standard_tl_03,Deflector Shield Array,Deflector Shield,field architecture,Reliable general-purpose shield with practical recharge and overload behavior.,deflector_fields,intentional_draft,provisional,,high,shield_power_control,,,use_family_profile,Per-item support floors and hard capability tags remain to be assigned during the numerical-mechanics pass.,MOO2_MANUAL; GURPS_SPACE; STARFIRE_ULTRA_COMPLETE,"Original Star Cluster draft. References influence patterns only; do not copy proprietary names, exact ladders, tables, numerical progressions, or core mechanics.",not_yet_assigned,checkpoint_23_reference_mined_draft
shields,Shields,shields,Standard Shield Generator,4,shields_standard_tl_04,Vector Shield Matrix,Vector Shield,field steering,"Better field shaping, directional load handling, and shield-booster compatibility.",vector_field_control,intentional_draft,provisional,,medium,shield_power_control,,,use_family_profile,Per-item support floors and hard capability tags remain to be assigned during the numerical-mechanics pass.,MOO2_MANUAL; GURPS_SPACE; STARFIRE_ULTRA_COMPLETE,"Original Star Cluster draft. References influence patterns only; do not copy proprietary names, exact ladders, tables, numerical progressions, or core mechanics.",not_yet_assigned,checkpoint_23_reference_mined_draft
shields,Shields,shields,Standard Shield Generator,5,shields_standard_tl_05,Phased Shield Matrix,Phased Shield,phase control,Mature midgame field with improved efficiency and candidate resistance to shield penetration.,phase_field_control,intentional_draft,provisional,Define exact penetration or hardening behavior.,medium,shield_power_control,,,use_family_profile,Per-item support floors and hard capability tags remain to be assigned during the numerical-mechanics pass. Existing review: Define exact penetration or hardening behavior.,MOO2_MANUAL; GURPS_SPACE; STARFIRE_ULTRA_COMPLETE,"Original Star Cluster draft. References influence patterns only; do not copy proprietary names, exact ladders, tables, numerical progressions, or core mechanics.",not_yet_assigned,checkpoint_23_reference_mined_draft
shields,Shields,shields,Standard Shield Generator,6,shields_standard_tl_06,Harmonic Barrier,Harmonic Barrier,resonant field control,Adaptive frequency management improves overload resistance and recharge stability.,harmonic_field_control,intentional_draft,provisional,,medium,shield_power_control,,,use_family_profile,Per-item support floors and hard capability tags remain to be assigned during the numerical-mechanics pass.,MOO2_MANUAL; GURPS_SPACE; STARFIRE_ULTRA_COMPLETE,"Original Star Cluster draft. References influence patterns only; do not copy proprietary names, exact ladders, tables, numerical progressions, or core mechanics.",not_yet_assigned,checkpoint_23_reference_mined_draft
shields,Shields,shields,Standard Shield Generator,7,shields_standard_tl_07,Quantum Barrier Matrix,Quantum Barrier,quantum field control,"High field coherence, improved hardening, and efficient support for advanced boosters.",quantum_field_control,intentional_draft,provisional,,medium,shield_power_control,,,use_family_profile,Per-item support floors and hard capability tags remain to be assigned during the numerical-mechanics pass.,MOO2_MANUAL; GURPS_SPACE; STARFIRE_ULTRA_COMPLETE,"Original Star Cluster draft. References influence patterns only; do not copy proprietary names, exact ladders, tables, numerical progressions, or core mechanics.",not_yet_assigned,checkpoint_23_reference_mined_draft
shields,Shields,shields,Standard Shield Generator,8,shields_standard_tl_08,Metric Gradient Barrier,Metric Barrier,metric engineering,Uses controlled spacetime gradients to redirect damaging energy and momentum.,metric_field_control,intentional_draft,provisional,Requires high Power and Computing prerequisites. Review repeated use of Metric and reserve it for mechanics that truly manipulate spacetime geometry.,medium,shield_power_control,,,use_family_profile,Per-item support floors and hard capability tags remain to be assigned during the numerical-mechanics pass. Existing review: Requires high Power and Computing prerequisites.,MOO2_MANUAL; GURPS_SPACE; STARFIRE_ULTRA_COMPLETE,"Original Star Cluster draft. References influence patterns only; do not copy proprietary names, exact ladders, tables, numerical progressions, or core mechanics.",not_yet_assigned,checkpoint_23_reference_mined_draft
shields,Shields,shields,Standard Shield Generator,9,shields_standard_tl_09,Continuum Shield Matrix,Continuum Shield,continuum engineering,"Pinnacle player shield with a visible campaign-defining capability, not merely more capacity.",continuum_field_control,intentional_draft,provisional,Choose a distinctive TL9 mechanic such as bounded collapse prevention or exceptional overcharge.,medium,shield_power_control,,,use_family_profile,Per-item support floors and hard capability tags remain to be assigned during the numerical-mechanics pass. Existing review: Choose a distinctive TL9 mechanic such as bounded collapse prevention or exceptional overcharge.,MOO2_MANUAL; GURPS_SPACE; STARFIRE_ULTRA_COMPLETE,"Original Star Cluster draft. References influence patterns only; do not copy proprietary names, exact ladders, tables, numerical progressions, or core mechanics.",not_yet_assigned,checkpoint_23_reference_mined_draft
power,Power / Reactor,reactor,Standard Reactor,1,power_reactor_tl_01,Fission Reactor,Fission Reactor,energy source,"Baseline Tactical Power Capacity, core power, and small emergency output.",fission_power,intentional_draft,provisional,,high,reactor_hull_containment,,,use_family_profile,Per-item support floors and hard capability tags remain to be assigned during the numerical-mechanics pass.,MOO2_MANUAL; T4_STARSHIPS; GURPS_SPACE,"Original Star Cluster draft. References influence patterns only; do not copy proprietary names, exact ladders, tables, numerical progressions, or core mechanics.",not_yet_assigned,checkpoint_23_reference_mined_draft
power,Power / Reactor,reactor,Standard Reactor,2,power_reactor_tl_02,Fusion Reactor,Fusion Reactor,energy source,Higher Tactical Power and improved efficiency with lower fuel burden.,fusion_power,intentional_draft,provisional,,high,reactor_hull_containment,,,use_family_profile,Per-item support floors and hard capability tags remain to be assigned during the numerical-mechanics pass.,MOO2_MANUAL; T4_STARSHIPS; GURPS_SPACE,"Original Star Cluster draft. References influence patterns only; do not copy proprietary names, exact ladders, tables, numerical progressions, or core mechanics.",not_yet_assigned,checkpoint_23_reference_mined_draft
power,Power / Reactor,reactor,Standard Reactor,3,power_reactor_tl_03,High-Flux Fusion Reactor,High-Flux Fusion,reactor architecture,Greater peak Tactical Power and improved support for multiple active combat systems.,high_flux_fusion,intentional_draft,provisional,,high,reactor_hull_containment,,,use_family_profile,Per-item support floors and hard capability tags remain to be assigned during the numerical-mechanics pass.,MOO2_MANUAL; T4_STARSHIPS; GURPS_SPACE,"Original Star Cluster draft. References influence patterns only; do not copy proprietary names, exact ladders, tables, numerical progressions, or core mechanics.",not_yet_assigned,checkpoint_23_reference_mined_draft
power,Power / Reactor,reactor,Standard Reactor,4,power_reactor_tl_04,Antimatter-Catalyzed Fusion Core,Catalyzed Fusion Core,catalyzed reaction,Transitional reactor using tiny antimatter quantities to increase fusion yield and compactness.,antimatter_catalysis,intentional_draft,provisional,,high,reactor_hull_containment,,,use_family_profile,Per-item support floors and hard capability tags remain to be assigned during the numerical-mechanics pass.,MOO2_MANUAL; T4_STARSHIPS; GURPS_SPACE,"Original Star Cluster draft. References influence patterns only; do not copy proprietary names, exact ladders, tables, numerical progressions, or core mechanics.",not_yet_assigned,checkpoint_23_reference_mined_draft
power,Power / Reactor,reactor,Standard Reactor,5,power_reactor_tl_05,Antimatter Reactor,Antimatter Reactor,matter conversion,"Mature midgame high-output reactor enabling demanding shields, beams, and drives.",antimatter_handling,intentional_draft,provisional,,high,reactor_hull_containment,,,use_family_profile,Per-item support floors and hard capability tags remain to be assigned during the numerical-mechanics pass.,MOO2_MANUAL; T4_STARSHIPS; GURPS_SPACE,"Original Star Cluster draft. References influence patterns only; do not copy proprietary names, exact ladders, tables, numerical progressions, or core mechanics.",not_yet_assigned,checkpoint_23_reference_mined_draft
power,Power / Reactor,reactor,Standard Reactor,6,power_reactor_tl_06,Direct-Conversion Antimatter Core,Direct-Conversion Core,direct conversion,"Improved conversion efficiency, power conditioning, and reduced waste heat.",direct_energy_conversion,intentional_draft,provisional,,medium,reactor_hull_containment,,,use_family_profile,Per-item support floors and hard capability tags remain to be assigned during the numerical-mechanics pass.,MOO2_MANUAL; T4_STARSHIPS; GURPS_SPACE,"Original Star Cluster draft. References influence patterns only; do not copy proprietary names, exact ladders, tables, numerical progressions, or core mechanics.",not_yet_assigned,checkpoint_23_reference_mined_draft
power,Power / Reactor,reactor,Standard Reactor,7,power_reactor_tl_07,Vacuum Flux Reactor,Vacuum Flux Reactor,quantum vacuum engineering,Exotic but controllable power source with improved endurance and candidate reliability benefits.,vacuum_flux_control,intentional_draft,provisional,Avoid implying unlimited energy.,medium,reactor_hull_containment,,,use_family_profile,Per-item support floors and hard capability tags remain to be assigned during the numerical-mechanics pass. Existing review: Avoid implying unlimited energy.,MOO2_MANUAL; T4_STARSHIPS; GURPS_SPACE,"Original Star Cluster draft. References influence patterns only; do not copy proprietary names, exact ladders, tables, numerical progressions, or core mechanics.",not_yet_assigned,checkpoint_23_reference_mined_draft
power,Power / Reactor,reactor,Standard Reactor,8,power_reactor_tl_08,Micro-Singularity Core,Singularity Core,singularity engineering,Extremely dense power generation with major containment and integration requirements.,singularity_containment,intentional_draft,provisional,Define damage-state consequences carefully.,medium,reactor_hull_containment,,,use_family_profile,Per-item support floors and hard capability tags remain to be assigned during the numerical-mechanics pass. Existing review: Define damage-state consequences carefully.,MOO2_MANUAL; T4_STARSHIPS; GURPS_SPACE,"Original Star Cluster draft. References influence patterns only; do not copy proprietary names, exact ladders, tables, numerical progressions, or core mechanics.",not_yet_assigned,checkpoint_23_reference_mined_draft
power,Power / Reactor,reactor,Standard Reactor,9,power_reactor_tl_09,Metric Conversion Core,Metric Conversion Core,metric engineering,Pinnacle reactor that converts controlled spacetime stress into usable power; must provide a memorable TL9 benefit.,metric_energy_conversion,intentional_draft,provisional,Keep below Precursor-scale reality manipulation. Review repeated use of Metric and reserve it for mechanics that truly manipulate spacetime geometry.,medium,reactor_hull_containment,,,use_family_profile,Per-item support floors and hard capability tags remain to be assigned during the numerical-mechanics pass. Existing review: Keep below Precursor-scale reality manipulation.,MOO2_MANUAL; T4_STARSHIPS; GURPS_SPACE,"Original Star Cluster draft. References influence patterns only; do not copy proprietary names, exact ladders, tables, numerical progressions, or core mechanics.",not_yet_assigned,checkpoint_23_reference_mined_draft
propulsion,Propulsion,ftl_drive,Standard FTL Drive,1,propulsion_ftl_drive_tl_01,Prototype Fold Drive,Prototype Fold Drive,spacetime folding,"First practical interstellar drive; short, inefficient, but reliable enough for the second starship.",fold_drive,intentional_draft,provisional,,high,ftl_propulsion_integration,,,use_family_profile,Per-item support floors and hard capability tags remain to be assigned during the numerical-mechanics pass.,T4_STARSHIPS; GURPS_SPACE; MOO2_MANUAL,"Original Star Cluster draft. References influence patterns only; do not copy proprietary names, exact ladders, tables, numerical progressions, or core mechanics.",not_yet_assigned,checkpoint_23_reference_mined_draft
propulsion,Propulsion,ftl_drive,Standard FTL Drive,2,propulsion_ftl_drive_tl_02,Stabilized Fold Drive,Stabilized Fold Drive,spacetime folding,"Improved route reliability, efficiency, and strategic movement allowance.",stabilized_fold,intentional_draft,provisional,,high,ftl_propulsion_integration,,,use_family_profile,Per-item support floors and hard capability tags remain to be assigned during the numerical-mechanics pass.,T4_STARSHIPS; GURPS_SPACE; MOO2_MANUAL,"Original Star Cluster draft. References influence patterns only; do not copy proprietary names, exact ladders, tables, numerical progressions, or core mechanics.",not_yet_assigned,checkpoint_23_reference_mined_draft
propulsion,Propulsion,ftl_drive,Standard FTL Drive,3,propulsion_ftl_drive_tl_03,Deep-Fold Drive,Deep-Fold Drive,spacetime folding,Sustains a deeper fold geometry for faster charted-sector travel.,deep_fold,intentional_draft,provisional,,medium,ftl_propulsion_integration,,,use_family_profile,Per-item support floors and hard capability tags remain to be assigned during the numerical-mechanics pass.,T4_STARSHIPS; GURPS_SPACE; MOO2_MANUAL,"Original Star Cluster draft. References influence patterns only; do not copy proprietary names, exact ladders, tables, numerical progressions, or core mechanics.",not_yet_assigned,checkpoint_23_reference_mined_draft
propulsion,Propulsion,ftl_drive,Standard FTL Drive,4,propulsion_ftl_drive_tl_04,Slipstream Drive,Slipstream Drive,sustained transit channel,Maintains a stable moving corridor rather than repeatedly initiating short folds.,slipstream_transit,intentional_draft,provisional,,medium,ftl_propulsion_integration,,,use_family_profile,Per-item support floors and hard capability tags remain to be assigned during the numerical-mechanics pass.,T4_STARSHIPS; GURPS_SPACE; MOO2_MANUAL,"Original Star Cluster draft. References influence patterns only; do not copy proprietary names, exact ladders, tables, numerical progressions, or core mechanics.",not_yet_assigned,checkpoint_23_reference_mined_draft
propulsion,Propulsion,ftl_drive,Standard FTL Drive,5,propulsion_ftl_drive_tl_05,Subspace Corridor Drive,Subspace Corridor Drive,subspace transit,Mature midgame FTL using engineered transit corridors with improved range and interruption recovery.,subspace_corridor,intentional_draft,provisional,,medium,ftl_propulsion_integration,,,use_family_profile,Per-item support floors and hard capability tags remain to be assigned during the numerical-mechanics pass.,T4_STARSHIPS; GURPS_SPACE; MOO2_MANUAL,"Original Star Cluster draft. References influence patterns only; do not copy proprietary names, exact ladders, tables, numerical progressions, or core mechanics.",not_yet_assigned,checkpoint_23_reference_mined_draft
propulsion,Propulsion,ftl_drive,Standard FTL Drive,6,propulsion_ftl_drive_tl_06,Phase-Transit Drive,Phase-Transit Drive,phase-space transit,"Moves through a controlled phase offset, improving travel efficiency and hazard tolerance.",phase_transit,intentional_draft,provisional,,medium,ftl_propulsion_integration,,,use_family_profile,Per-item support floors and hard capability tags remain to be assigned during the numerical-mechanics pass.,T4_STARSHIPS; GURPS_SPACE; MOO2_MANUAL,"Original Star Cluster draft. References influence patterns only; do not copy proprietary names, exact ladders, tables, numerical progressions, or core mechanics.",not_yet_assigned,checkpoint_23_reference_mined_draft
propulsion,Propulsion,ftl_drive,Standard FTL Drive,7,propulsion_ftl_drive_tl_07,Metric Translation Drive,Metric Translation Drive,metric engineering,Translates the ship by reshaping local spacetime geometry with high precision.,metric_translation,intentional_draft,provisional,Review repeated use of Metric and reserve it for mechanics that truly manipulate spacetime geometry.,medium,ftl_propulsion_integration,,,use_family_profile,Per-item support floors and hard capability tags remain to be assigned during the numerical-mechanics pass.,T4_STARSHIPS; GURPS_SPACE; MOO2_MANUAL,"Original Star Cluster draft. References influence patterns only; do not copy proprietary names, exact ladders, tables, numerical progressions, or core mechanics.",not_yet_assigned,checkpoint_23_reference_mined_draft
propulsion,Propulsion,ftl_drive,Standard FTL Drive,8,propulsion_ftl_drive_tl_08,Horizon Passage Drive,Horizon Passage Drive,horizon engineering,Uses bounded artificial horizons to sustain very rapid but still interruptible strategic passage.,horizon_control,intentional_draft,provisional,Avoid implying instant teleportation unless mechanics later support it.,medium,ftl_propulsion_integration,,,use_family_profile,Per-item support floors and hard capability tags remain to be assigned during the numerical-mechanics pass. Existing review: Avoid implying instant teleportation unless mechanics later support it.,T4_STARSHIPS; GURPS_SPACE; MOO2_MANUAL,"Original Star Cluster draft. References influence patterns only; do not copy proprietary names, exact ladders, tables, numerical progressions, or core mechanics.",not_yet_assigned,checkpoint_23_reference_mined_draft
propulsion,Propulsion,ftl_drive,Standard FTL Drive,9,propulsion_ftl_drive_tl_09,Continuum Passage Drive,Continuum Passage Drive,continuum engineering,Pinnacle strategic propulsion with a visible campaign-defining travel capability.,continuum_transit,intentional_draft,provisional,"Define TL9 benefit: exceptional charted travel, hazard bypass, or bounded emergency jump.",medium,ftl_propulsion_integration,,,use_family_profile,"Per-item support floors and hard capability tags remain to be assigned during the numerical-mechanics pass. Existing review: Define TL9 benefit: exceptional charted travel, hazard bypass, or bounded emergency jump.",T4_STARSHIPS; GURPS_SPACE; MOO2_MANUAL,"Original Star Cluster draft. References influence patterns only; do not copy proprietary names, exact ladders, tables, numerical progressions, or core mechanics.",not_yet_assigned,checkpoint_23_reference_mined_draft
propulsion,Propulsion,stl_drive,Standard Sublight Drive,1,propulsion_stl_drive_tl_01,Nuclear Pulse Drive,Nuclear Pulse Drive,reaction propulsion,Baseline in-system movement and fuel use for an early FTL cruiser.,nuclear_pulse_propulsion,intentional_draft,provisional,,high,stl_propulsion_integration,,,use_family_profile,Per-item support floors and hard capability tags remain to be assigned during the numerical-mechanics pass.,T4_STARSHIPS; GURPS_SPACE; TRIPLANETARY,"Original Star Cluster draft. References influence patterns only; do not copy proprietary names, exact ladders, tables, numerical progressions, or core mechanics.",not_yet_assigned,checkpoint_23_reference_mined_draft
propulsion,Propulsion,stl_drive,Standard Sublight Drive,2,propulsion_stl_drive_tl_02,Fusion Torch Drive,Fusion Torch,fusion propulsion,Higher sustained thrust and improved fuel efficiency.,fusion_propulsion,intentional_draft,provisional,,high,stl_propulsion_integration,,,use_family_profile,Per-item support floors and hard capability tags remain to be assigned during the numerical-mechanics pass.,T4_STARSHIPS; GURPS_SPACE; TRIPLANETARY,"Original Star Cluster draft. References influence patterns only; do not copy proprietary names, exact ladders, tables, numerical progressions, or core mechanics.",not_yet_assigned,checkpoint_23_reference_mined_draft
propulsion,Propulsion,stl_drive,Standard Sublight Drive,3,propulsion_stl_drive_tl_03,Magnetoplasma Drive,Magnetoplasma Drive,plasma propulsion,Better maneuver authority and efficient continuous thrust.,magnetoplasma_propulsion,intentional_draft,provisional,,high,stl_propulsion_integration,,,use_family_profile,Per-item support floors and hard capability tags remain to be assigned during the numerical-mechanics pass.,T4_STARSHIPS; GURPS_SPACE; TRIPLANETARY,"Original Star Cluster draft. References influence patterns only; do not copy proprietary names, exact ladders, tables, numerical progressions, or core mechanics.",not_yet_assigned,checkpoint_23_reference_mined_draft
propulsion,Propulsion,stl_drive,Standard Sublight Drive,4,propulsion_stl_drive_tl_04,Antimatter-Catalyzed Plasma Drive,Catalyzed Plasma Drive,catalyzed plasma propulsion,Transitional high-energy drive with improved acceleration and endurance.,antimatter_catalysis,intentional_draft,provisional,,high,stl_propulsion_integration,,,use_family_profile,Per-item support floors and hard capability tags remain to be assigned during the numerical-mechanics pass.,T4_STARSHIPS; GURPS_SPACE; TRIPLANETARY,"Original Star Cluster draft. References influence patterns only; do not copy proprietary names, exact ladders, tables, numerical progressions, or core mechanics.",not_yet_assigned,checkpoint_23_reference_mined_draft
propulsion,Propulsion,stl_drive,Standard Sublight Drive,5,propulsion_stl_drive_tl_05,Antimatter Impulse Drive,Antimatter Impulse Drive,antimatter propulsion,Mature midgame high-performance sublight drive for pursuit and withdrawal.,antimatter_propulsion,intentional_draft,provisional,,high,stl_propulsion_integration,,,use_family_profile,Per-item support floors and hard capability tags remain to be assigned during the numerical-mechanics pass.,T4_STARSHIPS; GURPS_SPACE; TRIPLANETARY,"Original Star Cluster draft. References influence patterns only; do not copy proprietary names, exact ladders, tables, numerical progressions, or core mechanics.",not_yet_assigned,checkpoint_23_reference_mined_draft
propulsion,Propulsion,stl_drive,Standard Sublight Drive,6,propulsion_stl_drive_tl_06,Inertial-Compensated Drive,Inertial-Compensated Drive,inertial control,Reduces maneuver penalties and permits higher thrust without overwhelming ship structure and crew.,inertial_compensation,intentional_draft,provisional,Define interaction with Evasive Maneuvering.,medium,stl_propulsion_integration,,,use_family_profile,Per-item support floors and hard capability tags remain to be assigned during the numerical-mechanics pass. Existing review: Define interaction with Evasive Maneuvering.,T4_STARSHIPS; GURPS_SPACE; TRIPLANETARY,"Original Star Cluster draft. References influence patterns only; do not copy proprietary names, exact ladders, tables, numerical progressions, or core mechanics.",not_yet_assigned,checkpoint_23_reference_mined_draft
propulsion,Propulsion,stl_drive,Standard Sublight Drive,7,propulsion_stl_drive_tl_07,Gravitic Impulse Drive,Gravitic Impulse Drive,gravitic propulsion,Uses controlled gravity gradients for strong maneuver authority and reduced reaction mass.,gravitic_propulsion,intentional_draft,provisional,,medium,stl_propulsion_integration,,,use_family_profile,Per-item support floors and hard capability tags remain to be assigned during the numerical-mechanics pass.,T4_STARSHIPS; GURPS_SPACE; TRIPLANETARY,"Original Star Cluster draft. References influence patterns only; do not copy proprietary names, exact ladders, tables, numerical progressions, or core mechanics.",not_yet_assigned,checkpoint_23_reference_mined_draft
propulsion,Propulsion,stl_drive,Standard Sublight Drive,8,propulsion_stl_drive_tl_08,Metric-Gradient Drive,Metric-Gradient Drive,metric propulsion,Directly shapes local spacetime gradients for rapid system-map movement.,metric_propulsion,intentional_draft,provisional,Review repeated use of Metric and reserve it for mechanics that truly manipulate spacetime geometry.,medium,stl_propulsion_integration,,,use_family_profile,Per-item support floors and hard capability tags remain to be assigned during the numerical-mechanics pass.,T4_STARSHIPS; GURPS_SPACE; TRIPLANETARY,"Original Star Cluster draft. References influence patterns only; do not copy proprietary names, exact ladders, tables, numerical progressions, or core mechanics.",not_yet_assigned,checkpoint_23_reference_mined_draft
propulsion,Propulsion,stl_drive,Standard Sublight Drive,9,propulsion_stl_drive_tl_09,Inertialess Translation Drive,Inertialess Drive,advanced metric propulsion,Pinnacle local propulsion with a campaign-defining movement or withdrawal capability.,inertialess_translation,intentional_draft,provisional,Must not eliminate tactical positioning; define bounded benefit.,medium,stl_propulsion_integration,,,use_family_profile,Per-item support floors and hard capability tags remain to be assigned during the numerical-mechanics pass. Existing review: Must not eliminate tactical positioning; define bounded benefit.,T4_STARSHIPS; GURPS_SPACE; TRIPLANETARY,"Original Star Cluster draft. References influence patterns only; do not copy proprietary names, exact ladders, tables, numerical progressions, or core mechanics.",not_yet_assigned,checkpoint_23_reference_mined_draft
sensors_ew,Sensors / EW,sensors_ew,Standard Sensor and EW Suite,1,sensors_ew_standard_tl_01,Radio-Optical Survey Suite,Radio-Optical Suite,sensor spectrum,"Baseline passive/active sensing, communications, and limited electronic countermeasures.",radio_optical_sensing,intentional_draft,provisional,,high,sensor_processing,,,use_family_profile,Per-item support floors and hard capability tags remain to be assigned during the numerical-mechanics pass.,T4_STARSHIPS; GURPS_SPACE; STARFIRE_ULTRA_COMPLETE,"Original Star Cluster draft. References influence patterns only; do not copy proprietary names, exact ladders, tables, numerical progressions, or core mechanics.",not_yet_assigned,checkpoint_23_reference_mined_draft
sensors_ew,Sensors / EW,sensors_ew,Standard Sensor and EW Suite,2,sensors_ew_standard_tl_02,Multispectral Sensor Suite,Multispectral Suite,sensor fusion,Improved target discrimination and more reliable passive track formation.,multispectral_fusion,intentional_draft,provisional,,high,sensor_processing,,,use_family_profile,Per-item support floors and hard capability tags remain to be assigned during the numerical-mechanics pass.,T4_STARSHIPS; GURPS_SPACE; STARFIRE_ULTRA_COMPLETE,"Original Star Cluster draft. References influence patterns only; do not copy proprietary names, exact ladders, tables, numerical progressions, or core mechanics.",not_yet_assigned,checkpoint_23_reference_mined_draft
sensors_ew,Sensors / EW,sensors_ew,Standard Sensor and EW Suite,3,sensors_ew_standard_tl_03,Phased-Aperture Sensor Suite,Phased-Aperture Suite,aperture synthesis,"Better range, angular resolution, and ECCM through coordinated apertures.",phased_aperture,intentional_draft,provisional,,high,sensor_processing,,,use_family_profile,Per-item support floors and hard capability tags remain to be assigned during the numerical-mechanics pass.,T4_STARSHIPS; GURPS_SPACE; STARFIRE_ULTRA_COMPLETE,"Original Star Cluster draft. References influence patterns only; do not copy proprietary names, exact ladders, tables, numerical progressions, or core mechanics.",not_yet_assigned,checkpoint_23_reference_mined_draft
sensors_ew,Sensors / EW,sensors_ew,Standard Sensor and EW Suite,4,sensors_ew_standard_tl_04,Neutrino Sensor Suite,Neutrino Suite,exotic particle sensing,Detects reactor and drive signatures through clutter and some occlusion conditions.,neutrino_sensing,intentional_draft,provisional,Define which occlusion rules remain hard constraints.,medium,sensor_processing,,,use_family_profile,Per-item support floors and hard capability tags remain to be assigned during the numerical-mechanics pass. Existing review: Define which occlusion rules remain hard constraints.,T4_STARSHIPS; GURPS_SPACE; STARFIRE_ULTRA_COMPLETE,"Original Star Cluster draft. References influence patterns only; do not copy proprietary names, exact ladders, tables, numerical progressions, or core mechanics.",not_yet_assigned,checkpoint_23_reference_mined_draft
sensors_ew,Sensors / EW,sensors_ew,Standard Sensor and EW Suite,5,sensors_ew_standard_tl_05,Gravitic Interferometer Suite,Gravitic Interferometer,gravitic sensing,"Mature midgame detection of mass movement, drive stress, and subtle trajectory changes.",gravitic_sensing,intentional_draft,provisional,,medium,sensor_processing,,,use_family_profile,Per-item support floors and hard capability tags remain to be assigned during the numerical-mechanics pass.,T4_STARSHIPS; GURPS_SPACE; STARFIRE_ULTRA_COMPLETE,"Original Star Cluster draft. References influence patterns only; do not copy proprietary names, exact ladders, tables, numerical progressions, or core mechanics.",not_yet_assigned,checkpoint_23_reference_mined_draft
sensors_ew,Sensors / EW,sensors_ew,Standard Sensor and EW Suite,6,sensors_ew_standard_tl_06,Quantum Baseline Array,Quantum Baseline Array,quantum interferometry,"Improved precision, track freshness, and resistance to deceptive emissions.",quantum_interferometry,intentional_draft,provisional,,medium,sensor_processing,,,use_family_profile,Per-item support floors and hard capability tags remain to be assigned during the numerical-mechanics pass.,T4_STARSHIPS; GURPS_SPACE; STARFIRE_ULTRA_COMPLETE,"Original Star Cluster draft. References influence patterns only; do not copy proprietary names, exact ladders, tables, numerical progressions, or core mechanics.",not_yet_assigned,checkpoint_23_reference_mined_draft
sensors_ew,Sensors / EW,sensors_ew,Standard Sensor and EW Suite,7,sensors_ew_standard_tl_07,Subspace Resonance Array,Subspace Resonance Array,subspace sensing,"Detects FTL, datalink, and advanced drive disturbances across broader conditions.",subspace_sensing,intentional_draft,provisional,,medium,sensor_processing,,,use_family_profile,Per-item support floors and hard capability tags remain to be assigned during the numerical-mechanics pass.,T4_STARSHIPS; GURPS_SPACE; STARFIRE_ULTRA_COMPLETE,"Original Star Cluster draft. References influence patterns only; do not copy proprietary names, exact ladders, tables, numerical progressions, or core mechanics.",not_yet_assigned,checkpoint_23_reference_mined_draft
sensors_ew,Sensors / EW,sensors_ew,Standard Sensor and EW Suite,8,sensors_ew_standard_tl_08,Metric Gradient Array,Metric Gradient Array,metric sensing,Measures engineered spacetime gradients for high-end tracking and ECCM.,metric_sensing,intentional_draft,provisional,Review repeated use of Metric and reserve it for mechanics that truly manipulate spacetime geometry.,medium,sensor_processing,,,use_family_profile,Per-item support floors and hard capability tags remain to be assigned during the numerical-mechanics pass.,T4_STARSHIPS; GURPS_SPACE; STARFIRE_ULTRA_COMPLETE,"Original Star Cluster draft. References influence patterns only; do not copy proprietary names, exact ladders, tables, numerical progressions, or core mechanics.",not_yet_assigned,checkpoint_23_reference_mined_draft
sensors_ew,Sensors / EW,sensors_ew,Standard Sensor and EW Suite,9,sensors_ew_standard_tl_09,Deep-Metric Sensor Matrix,Deep-Metric Matrix,deep metric sensing,Pinnacle player sensing with a memorable information advantage that still preserves fog of war.,deep_metric_sensing,intentional_draft,provisional,Do not permit omniscience; define a bounded TL9 capability. Review repeated use of Metric and reserve it for mechanics that truly manipulate spacetime geometry.,medium,sensor_processing,,,use_family_profile,Per-item support floors and hard capability tags remain to be assigned during the numerical-mechanics pass. Existing review: Do not permit omniscience; define a bounded TL9 capability.,T4_STARSHIPS; GURPS_SPACE; STARFIRE_ULTRA_COMPLETE,"Original Star Cluster draft. References influence patterns only; do not copy proprietary names, exact ladders, tables, numerical progressions, or core mechanics.",not_yet_assigned,checkpoint_23_reference_mined_draft
computing_fire_control,Computing / Fire Control,computing_fire_control,Standard Command and Fire-Control Computer,1,computing_fire_control_standard_tl_01,Electronic Fire-Control Computer,Electronic Fire Control,computing architecture,"Baseline targeting, communications, and guidance computation.",electronic_computing,intentional_draft,provisional,,high,computing_power_bus,,,use_family_profile,Per-item support floors and hard capability tags remain to be assigned during the numerical-mechanics pass.,T4_STARSHIPS; MOO2_MANUAL; GURPS_SPACE; STARFIRE_ULTRA_COMPLETE,"Original Star Cluster draft. References influence patterns only; do not copy proprietary names, exact ladders, tables, numerical progressions, or core mechanics.",not_yet_assigned,checkpoint_23_reference_mined_draft
computing_fire_control,Computing / Fire Control,computing_fire_control,Standard Command and Fire-Control Computer,2,computing_fire_control_standard_tl_02,Photonic Tactical Computer,Photonic Tactical Computer,computing architecture,Faster track fusion and improved targeting efficiency.,photonic_computing,intentional_draft,provisional,,high,computing_power_bus,,,use_family_profile,Per-item support floors and hard capability tags remain to be assigned during the numerical-mechanics pass.,T4_STARSHIPS; MOO2_MANUAL; GURPS_SPACE; STARFIRE_ULTRA_COMPLETE,"Original Star Cluster draft. References influence patterns only; do not copy proprietary names, exact ladders, tables, numerical progressions, or core mechanics.",not_yet_assigned,checkpoint_23_reference_mined_draft
computing_fire_control,Computing / Fire Control,computing_fire_control,Standard Command and Fire-Control Computer,3,computing_fire_control_standard_tl_03,Neural-Pattern Combat Computer,Neural-Pattern Computer,adaptive computing,Adaptive pattern recognition improves maneuver-fire correction and target classification.,neural_pattern_processing,intentional_draft,provisional,Not sentient; preserve crew agency.,high,computing_power_bus,,,use_family_profile,Per-item support floors and hard capability tags remain to be assigned during the numerical-mechanics pass. Existing review: Not sentient; preserve crew agency.,T4_STARSHIPS; MOO2_MANUAL; GURPS_SPACE; STARFIRE_ULTRA_COMPLETE,"Original Star Cluster draft. References influence patterns only; do not copy proprietary names, exact ladders, tables, numerical progressions, or core mechanics.",not_yet_assigned,checkpoint_23_reference_mined_draft
computing_fire_control,Computing / Fire Control,computing_fire_control,Standard Command and Fire-Control Computer,4,computing_fire_control_standard_tl_04,Quantum Fire-Control Core,Quantum Fire Control,quantum computing,Improved multi-variable fire solutions and high-TL guidance support.,quantum_computing,intentional_draft,provisional,,medium,computing_power_bus,,,use_family_profile,Per-item support floors and hard capability tags remain to be assigned during the numerical-mechanics pass.,T4_STARSHIPS; MOO2_MANUAL; GURPS_SPACE; STARFIRE_ULTRA_COMPLETE,"Original Star Cluster draft. References influence patterns only; do not copy proprietary names, exact ladders, tables, numerical progressions, or core mechanics.",not_yet_assigned,checkpoint_23_reference_mined_draft
computing_fire_control,Computing / Fire Control,computing_fire_control,Standard Command and Fire-Control Computer,5,computing_fire_control_standard_tl_05,Predictive Engagement Core,Predictive Engagement Core,predictive control,"Mature midgame combat prediction, coordinated fire, and Evasive Compensation.",predictive_fire_control,intentional_draft,provisional,,high,computing_power_bus,,,use_family_profile,Per-item support floors and hard capability tags remain to be assigned during the numerical-mechanics pass.,T4_STARSHIPS; MOO2_MANUAL; GURPS_SPACE; STARFIRE_ULTRA_COMPLETE,"Original Star Cluster draft. References influence patterns only; do not copy proprietary names, exact ladders, tables, numerical progressions, or core mechanics.",not_yet_assigned,checkpoint_23_reference_mined_draft
computing_fire_control,Computing / Fire Control,computing_fire_control,Standard Command and Fire-Control Computer,6,computing_fire_control_standard_tl_06,Distributed Tactical Matrix,Distributed Tactical Matrix,distributed computing,Redundant processing across the ship improves resilience and multi-system coordination.,distributed_computing,intentional_draft,provisional,,medium,computing_power_bus,,,use_family_profile,Per-item support floors and hard capability tags remain to be assigned during the numerical-mechanics pass.,T4_STARSHIPS; MOO2_MANUAL; GURPS_SPACE; STARFIRE_ULTRA_COMPLETE,"Original Star Cluster draft. References influence patterns only; do not copy proprietary names, exact ladders, tables, numerical progressions, or core mechanics.",not_yet_assigned,checkpoint_23_reference_mined_draft
computing_fire_control,Computing / Fire Control,computing_fire_control,Standard Command and Fire-Control Computer,7,computing_fire_control_standard_tl_07,Entangled Command Matrix,Entangled Command Matrix,entangled processing,"Low-latency coordination among sensors, weapons, missiles, and defensive systems.",entangled_processing,intentional_draft,provisional,Avoid literal faster-than-light information unless intentionally supported.,medium,computing_power_bus,,,use_family_profile,Per-item support floors and hard capability tags remain to be assigned during the numerical-mechanics pass. Existing review: Avoid literal faster-than-light information unless intentionally supported.,T4_STARSHIPS; MOO2_MANUAL; GURPS_SPACE; STARFIRE_ULTRA_COMPLETE,"Original Star Cluster draft. References influence patterns only; do not copy proprietary names, exact ladders, tables, numerical progressions, or core mechanics.",not_yet_assigned,checkpoint_23_reference_mined_draft
computing_fire_control,Computing / Fire Control,computing_fire_control,Standard Command and Fire-Control Computer,8,computing_fire_control_standard_tl_08,Causal Analysis Core,Causal Analysis Core,advanced inference,Rapid causal modeling anticipates likely maneuvers without revealing hidden authoritative state.,causal_inference,intentional_draft,provisional,Explicitly not precognition.,medium,computing_power_bus,,,use_family_profile,Per-item support floors and hard capability tags remain to be assigned during the numerical-mechanics pass. Existing review: Explicitly not precognition.,T4_STARSHIPS; MOO2_MANUAL; GURPS_SPACE; STARFIRE_ULTRA_COMPLETE,"Original Star Cluster draft. References influence patterns only; do not copy proprietary names, exact ladders, tables, numerical progressions, or core mechanics.",not_yet_assigned,checkpoint_23_reference_mined_draft
computing_fire_control,Computing / Fire Control,computing_fire_control,Standard Command and Fire-Control Computer,9,computing_fire_control_standard_tl_09,Strategic Cognition Matrix,Strategic Cognition Matrix,machine cognition,Pinnacle decision-support and coordination while leaving command authority with the crew.,strategic_cognition,intentional_draft,provisional,Define a visible TL9 coordination benefit; do not replace player choice.,medium,computing_power_bus,,,use_family_profile,Per-item support floors and hard capability tags remain to be assigned during the numerical-mechanics pass. Existing review: Define a visible TL9 coordination benefit; do not replace player choice.,T4_STARSHIPS; MOO2_MANUAL; GURPS_SPACE; STARFIRE_ULTRA_COMPLETE,"Original Star Cluster draft. References influence patterns only; do not copy proprietary names, exact ladders, tables, numerical progressions, or core mechanics.",not_yet_assigned,checkpoint_23_reference_mined_draft
kinetic_weapons,Kinetic Weapons,kinetic_weapon,Standard Kinetic Battery,1,kinetic_weapons_kinetic_weapon_tl_01,Caseless Autocannon,Autocannon,chemical acceleration,Reliable starter kinetic weapon with modest range and ammunition efficiency.,chemical_ballistics,intentional_draft,provisional,,high,kinetic_mount_control,,,use_family_profile,Per-item support floors and hard capability tags remain to be assigned during the numerical-mechanics pass.,MOO2_MANUAL; T4_STARSHIPS; STARFIRE_ULTRA_COMPLETE,"Original Star Cluster draft. References influence patterns only; do not copy proprietary names, exact ladders, tables, numerical progressions, or core mechanics.",not_yet_assigned,checkpoint_23_reference_mined_draft
kinetic_weapons,Kinetic Weapons,kinetic_weapon,Standard Kinetic Battery,2,kinetic_weapons_kinetic_weapon_tl_02,Coil Cannon,Coil Cannon,electromagnetic acceleration,"Improved projectile velocity, accuracy, and armor interaction.",coil_acceleration,intentional_draft,provisional,,high,kinetic_mount_control,,,use_family_profile,Per-item support floors and hard capability tags remain to be assigned during the numerical-mechanics pass.,MOO2_MANUAL; T4_STARSHIPS; STARFIRE_ULTRA_COMPLETE,"Original Star Cluster draft. References influence patterns only; do not copy proprietary names, exact ladders, tables, numerical progressions, or core mechanics.",not_yet_assigned,checkpoint_23_reference_mined_draft
kinetic_weapons,Kinetic Weapons,kinetic_weapon,Standard Kinetic Battery,3,kinetic_weapons_kinetic_weapon_tl_03,Rail Cannon,Rail Cannon,electromagnetic acceleration,Higher velocity and penetration with greater power and maintenance demands.,rail_acceleration,intentional_draft,provisional,,high,kinetic_mount_control,,,use_family_profile,Per-item support floors and hard capability tags remain to be assigned during the numerical-mechanics pass.,MOO2_MANUAL; T4_STARSHIPS; STARFIRE_ULTRA_COMPLETE,"Original Star Cluster draft. References influence patterns only; do not copy proprietary names, exact ladders, tables, numerical progressions, or core mechanics.",not_yet_assigned,checkpoint_23_reference_mined_draft
kinetic_weapons,Kinetic Weapons,kinetic_weapon,Standard Kinetic Battery,4,kinetic_weapons_kinetic_weapon_tl_04,Hypervelocity Rail Cannon,Hypervelocity Rail Cannon,advanced rail acceleration,Transitional high-energy projectile weapon with better range and armor penetration.,hypervelocity_acceleration,intentional_draft,provisional,,high,kinetic_mount_control,,,use_family_profile,Per-item support floors and hard capability tags remain to be assigned during the numerical-mechanics pass.,MOO2_MANUAL; T4_STARSHIPS; STARFIRE_ULTRA_COMPLETE,"Original Star Cluster draft. References influence patterns only; do not copy proprietary names, exact ladders, tables, numerical progressions, or core mechanics.",not_yet_assigned,checkpoint_23_reference_mined_draft
kinetic_weapons,Kinetic Weapons,kinetic_weapon,Standard Kinetic Battery,5,kinetic_weapons_kinetic_weapon_tl_05,Plasma-Armature Mass Driver,Plasma-Armature Driver,plasma armature acceleration,Mature midgame mass driver using plasma armatures for higher projectile energy and barrel life.,plasma_armature,intentional_draft,provisional,,medium,kinetic_mount_control,,,use_family_profile,Per-item support floors and hard capability tags remain to be assigned during the numerical-mechanics pass.,MOO2_MANUAL; T4_STARSHIPS; STARFIRE_ULTRA_COMPLETE,"Original Star Cluster draft. References influence patterns only; do not copy proprietary names, exact ladders, tables, numerical progressions, or core mechanics.",not_yet_assigned,checkpoint_23_reference_mined_draft
kinetic_weapons,Kinetic Weapons,kinetic_weapon,Standard Kinetic Battery,6,kinetic_weapons_kinetic_weapon_tl_06,Gravitic Mass Driver,Gravitic Mass Driver,gravitic acceleration,Supplements electromagnetic launch with controlled gravity gradients.,gravitic_acceleration,intentional_draft,provisional,,medium,kinetic_mount_control,,,use_family_profile,Per-item support floors and hard capability tags remain to be assigned during the numerical-mechanics pass.,MOO2_MANUAL; T4_STARSHIPS; STARFIRE_ULTRA_COMPLETE,"Original Star Cluster draft. References influence patterns only; do not copy proprietary names, exact ladders, tables, numerical progressions, or core mechanics.",not_yet_assigned,checkpoint_23_reference_mined_draft
kinetic_weapons,Kinetic Weapons,kinetic_weapon,Standard Kinetic Battery,7,kinetic_weapons_kinetic_weapon_tl_07,Inertial-Compensated Impactor,Inertial Impactor,inertial engineering,Launches heavier projectiles while reducing recoil and mount stress.,inertial_compensation,intentional_draft,provisional,,medium,kinetic_mount_control,,,use_family_profile,Per-item support floors and hard capability tags remain to be assigned during the numerical-mechanics pass.,MOO2_MANUAL; T4_STARSHIPS; STARFIRE_ULTRA_COMPLETE,"Original Star Cluster draft. References influence patterns only; do not copy proprietary names, exact ladders, tables, numerical progressions, or core mechanics.",not_yet_assigned,checkpoint_23_reference_mined_draft
kinetic_weapons,Kinetic Weapons,kinetic_weapon,Standard Kinetic Battery,8,kinetic_weapons_kinetic_weapon_tl_08,Relativistic Impactor Cannon,Relativistic Impactor,relativistic acceleration,"Extremely high projectile energy; likely demanding in power, mount, and fire-control requirements.",relativistic_acceleration,intentional_draft,provisional,"Balance against range, reload, and Tactical Power.",medium,kinetic_mount_control,,,use_family_profile,"Per-item support floors and hard capability tags remain to be assigned during the numerical-mechanics pass. Existing review: Balance against range, reload, and Tactical Power.",MOO2_MANUAL; T4_STARSHIPS; STARFIRE_ULTRA_COMPLETE,"Original Star Cluster draft. References influence patterns only; do not copy proprietary names, exact ladders, tables, numerical progressions, or core mechanics.",not_yet_assigned,checkpoint_23_reference_mined_draft
kinetic_weapons,Kinetic Weapons,kinetic_weapon,Standard Kinetic Battery,9,kinetic_weapons_kinetic_weapon_tl_09,Metric Impactor,Metric Impactor,metric acceleration,Pinnacle physical-projectile weapon using metric control to impart extreme velocity or bypass ordinary launch limits.,metric_acceleration,intentional_draft,provisional,Keep distinct from beam weapons; projectile remains physical. Review repeated use of Metric and reserve it for mechanics that truly manipulate spacetime geometry.,medium,kinetic_mount_control,,,use_family_profile,Per-item support floors and hard capability tags remain to be assigned during the numerical-mechanics pass. Existing review: Keep distinct from beam weapons; projectile remains physical.,MOO2_MANUAL; T4_STARSHIPS; STARFIRE_ULTRA_COMPLETE,"Original Star Cluster draft. References influence patterns only; do not copy proprietary names, exact ladders, tables, numerical progressions, or core mechanics.",not_yet_assigned,checkpoint_23_reference_mined_draft
beam_weapons,Beam Weapons,beam_weapon,Standard Beam Battery,1,beam_weapons_beam_weapon_tl_01,Solid-State Laser Cannon,Laser Cannon,photon emission,"Accurate starter beam with moderate damage, power demand, and interception utility.",laser_emission,intentional_draft,provisional,,high,beam_power_control,,,use_family_profile,Per-item support floors and hard capability tags remain to be assigned during the numerical-mechanics pass.,MOO2_MANUAL; GURPS_SPACE; STARFIRE_ULTRA_COMPLETE,"Original Star Cluster draft. References influence patterns only; do not copy proprietary names, exact ladders, tables, numerical progressions, or core mechanics.",not_yet_assigned,checkpoint_23_reference_mined_draft
beam_weapons,Beam Weapons,beam_weapon,Standard Beam Battery,2,beam_weapons_beam_weapon_tl_02,Pulsed Laser Cannon,Pulsed Laser,pulsed photon emission,Higher peak output and better combat effectiveness at the cost of heat and power spikes.,pulsed_laser,intentional_draft,provisional,,high,beam_power_control,,,use_family_profile,Per-item support floors and hard capability tags remain to be assigned during the numerical-mechanics pass.,MOO2_MANUAL; GURPS_SPACE; STARFIRE_ULTRA_COMPLETE,"Original Star Cluster draft. References influence patterns only; do not copy proprietary names, exact ladders, tables, numerical progressions, or core mechanics.",not_yet_assigned,checkpoint_23_reference_mined_draft
beam_weapons,Beam Weapons,beam_weapon,Standard Beam Battery,3,beam_weapons_beam_weapon_tl_03,Free-Electron Laser,Free-Electron Laser,tunable photon emission,"Tunable wavelength improves range, target interaction, and efficiency.",free_electron_laser,intentional_draft,provisional,,high,beam_power_control,,,use_family_profile,Per-item support floors and hard capability tags remain to be assigned during the numerical-mechanics pass.,MOO2_MANUAL; GURPS_SPACE; STARFIRE_ULTRA_COMPLETE,"Original Star Cluster draft. References influence patterns only; do not copy proprietary names, exact ladders, tables, numerical progressions, or core mechanics.",not_yet_assigned,checkpoint_23_reference_mined_draft
beam_weapons,Beam Weapons,beam_weapon,Standard Beam Battery,4,beam_weapons_beam_weapon_tl_04,Ion Beam Cannon,Ion Beam,charged-particle beam,Transitional particle weapon with strong shield and subsystem interaction.,ion_beam,intentional_draft,provisional,,high,beam_power_control,,,use_family_profile,Per-item support floors and hard capability tags remain to be assigned during the numerical-mechanics pass.,MOO2_MANUAL; GURPS_SPACE; STARFIRE_ULTRA_COMPLETE,"Original Star Cluster draft. References influence patterns only; do not copy proprietary names, exact ladders, tables, numerical progressions, or core mechanics.",not_yet_assigned,checkpoint_23_reference_mined_draft
beam_weapons,Beam Weapons,beam_weapon,Standard Beam Battery,5,beam_weapons_beam_weapon_tl_05,Neutral Particle Beam,Particle Beam,neutral-particle beam,Mature midgame beam with good range and reduced electromagnetic deflection.,neutral_particle_beam,intentional_draft,provisional,,high,beam_power_control,,,use_family_profile,Per-item support floors and hard capability tags remain to be assigned during the numerical-mechanics pass.,MOO2_MANUAL; GURPS_SPACE; STARFIRE_ULTRA_COMPLETE,"Original Star Cluster draft. References influence patterns only; do not copy proprietary names, exact ladders, tables, numerical progressions, or core mechanics.",not_yet_assigned,checkpoint_23_reference_mined_draft
beam_weapons,Beam Weapons,beam_weapon,Standard Beam Battery,6,beam_weapons_beam_weapon_tl_06,Gamma-Ray Laser,Gamma Laser,high-energy photon emission,High penetration and compact energy delivery with demanding cooling and shielding.,gamma_laser,intentional_draft,provisional,,medium,beam_power_control,,,use_family_profile,Per-item support floors and hard capability tags remain to be assigned during the numerical-mechanics pass.,MOO2_MANUAL; GURPS_SPACE; STARFIRE_ULTRA_COMPLETE,"Original Star Cluster draft. References influence patterns only; do not copy proprietary names, exact ladders, tables, numerical progressions, or core mechanics.",not_yet_assigned,checkpoint_23_reference_mined_draft
beam_weapons,Beam Weapons,beam_weapon,Standard Beam Battery,7,beam_weapons_beam_weapon_tl_07,Phased Particle Lance,Particle Lance,phase-controlled beam,Phase control improves cohesion and candidate shield-penetration behavior.,phase_beam_control,intentional_draft,provisional,Define exact penetration mechanic.,medium,beam_power_control,,,use_family_profile,Per-item support floors and hard capability tags remain to be assigned during the numerical-mechanics pass. Existing review: Define exact penetration mechanic.,MOO2_MANUAL; GURPS_SPACE; STARFIRE_ULTRA_COMPLETE,"Original Star Cluster draft. References influence patterns only; do not copy proprietary names, exact ladders, tables, numerical progressions, or core mechanics.",not_yet_assigned,checkpoint_23_reference_mined_draft
beam_weapons,Beam Weapons,beam_weapon,Standard Beam Battery,8,beam_weapons_beam_weapon_tl_08,Gravitic Shear Beam,Gravitic Shear Beam,gravitic field projection,Applies concentrated tidal stress rather than ordinary thermal or particle damage.,gravitic_beam,intentional_draft,provisional,,medium,beam_power_control,,,use_family_profile,Per-item support floors and hard capability tags remain to be assigned during the numerical-mechanics pass.,MOO2_MANUAL; GURPS_SPACE; STARFIRE_ULTRA_COMPLETE,"Original Star Cluster draft. References influence patterns only; do not copy proprietary names, exact ladders, tables, numerical progressions, or core mechanics.",not_yet_assigned,checkpoint_23_reference_mined_draft
beam_weapons,Beam Weapons,beam_weapon,Standard Beam Battery,9,beam_weapons_beam_weapon_tl_09,Metric Disruption Lance,Metric Lance,metric field projection,Pinnacle directed-energy weapon that disrupts local spacetime geometry along a controlled firing path.,metric_beam,intentional_draft,provisional,Campaign-defining but must remain bounded and distinguishable from Precursor weapons. Review repeated use of Metric and reserve it for mechanics that truly manipulate spacetime geometry.,medium,beam_power_control,,,use_family_profile,Per-item support floors and hard capability tags remain to be assigned during the numerical-mechanics pass. Existing review: Campaign-defining but must remain bounded and distinguishable from Precursor weapons.,MOO2_MANUAL; GURPS_SPACE; STARFIRE_ULTRA_COMPLETE,"Original Star Cluster draft. References influence patterns only; do not copy proprietary names, exact ladders, tables, numerical progressions, or core mechanics.",not_yet_assigned,checkpoint_23_reference_mined_draft
missile_weapons,Missile Weapons,missile_flight,Standard Missile Flight,1,missile_weapons_missile_flight_tl_01,Nuclear Missile Flight,Nuclear Flight,warhead generation,"Baseline guided Missile Flight with nuclear warhead, limited endurance, and simple guidance.",nuclear_warhead,intentional_draft,provisional,,high,missile_launch_control,,,use_family_profile,Per-item support floors and hard capability tags remain to be assigned during the numerical-mechanics pass.,MOO2_MANUAL; T4_STARSHIPS; GURPS_SPACE; STARFIRE_ULTRA_COMPLETE,"Original Star Cluster draft. References influence patterns only; do not copy proprietary names, exact ladders, tables, numerical progressions, or core mechanics.",not_yet_assigned,checkpoint_23_reference_mined_draft
missile_weapons,Missile Weapons,missile_flight,Standard Missile Flight,2,missile_weapons_missile_flight_tl_02,Fusion Missile Flight,Fusion Flight,warhead generation,Higher damage and improved flight performance using compact fusion warheads.,fusion_warhead,intentional_draft,provisional,,high,missile_launch_control,,,use_family_profile,Per-item support floors and hard capability tags remain to be assigned during the numerical-mechanics pass.,MOO2_MANUAL; T4_STARSHIPS; GURPS_SPACE; STARFIRE_ULTRA_COMPLETE,"Original Star Cluster draft. References influence patterns only; do not copy proprietary names, exact ladders, tables, numerical progressions, or core mechanics.",not_yet_assigned,checkpoint_23_reference_mined_draft
missile_weapons,Missile Weapons,missile_flight,Standard Missile Flight,3,missile_weapons_missile_flight_tl_03,Directed-Fusion Missile Flight,Directed-Fusion Flight,directed-energy warhead,Shapes fusion output toward the target for improved armor interaction and efficiency.,directed_fusion_warhead,intentional_draft,provisional,,medium,missile_launch_control,,,use_family_profile,Per-item support floors and hard capability tags remain to be assigned during the numerical-mechanics pass.,MOO2_MANUAL; T4_STARSHIPS; GURPS_SPACE; STARFIRE_ULTRA_COMPLETE,"Original Star Cluster draft. References influence patterns only; do not copy proprietary names, exact ladders, tables, numerical progressions, or core mechanics.",not_yet_assigned,checkpoint_23_reference_mined_draft
missile_weapons,Missile Weapons,missile_flight,Standard Missile Flight,4,missile_weapons_missile_flight_tl_04,Antimatter-Catalyzed Missile Flight,Catalyzed Missile Flight,catalyzed warhead,Uses trace antimatter to increase warhead yield and propulsion efficiency.,antimatter_catalysis,intentional_draft,provisional,,high,missile_launch_control,,,use_family_profile,Per-item support floors and hard capability tags remain to be assigned during the numerical-mechanics pass.,MOO2_MANUAL; T4_STARSHIPS; GURPS_SPACE; STARFIRE_ULTRA_COMPLETE,"Original Star Cluster draft. References influence patterns only; do not copy proprietary names, exact ladders, tables, numerical progressions, or core mechanics.",not_yet_assigned,checkpoint_23_reference_mined_draft
missile_weapons,Missile Weapons,missile_flight,Standard Missile Flight,5,missile_weapons_missile_flight_tl_05,Antimatter Missile Flight,Antimatter Flight,antimatter warhead,Mature midgame high-damage flight with demanding containment and interception consequences.,antimatter_warhead,intentional_draft,provisional,,high,missile_launch_control,,,use_family_profile,Per-item support floors and hard capability tags remain to be assigned during the numerical-mechanics pass.,MOO2_MANUAL; T4_STARSHIPS; GURPS_SPACE; STARFIRE_ULTRA_COMPLETE,"Original Star Cluster draft. References influence patterns only; do not copy proprietary names, exact ladders, tables, numerical progressions, or core mechanics.",not_yet_assigned,checkpoint_23_reference_mined_draft
missile_weapons,Missile Weapons,missile_flight,Standard Missile Flight,6,missile_weapons_missile_flight_tl_06,Phase-Penetrator Missile Flight,Phase-Penetrator Flight,phase-controlled terminal package,Advanced terminal package with a candidate shield-penetration or hardening-counter role.,phase_terminal_control,intentional_draft,provisional,Name promises a specific penetration mechanic.,medium,missile_launch_control,,,use_family_profile,Per-item support floors and hard capability tags remain to be assigned during the numerical-mechanics pass. Existing review: Name promises a specific penetration mechanic.,MOO2_MANUAL; T4_STARSHIPS; GURPS_SPACE; STARFIRE_ULTRA_COMPLETE,"Original Star Cluster draft. References influence patterns only; do not copy proprietary names, exact ladders, tables, numerical progressions, or core mechanics.",not_yet_assigned,checkpoint_23_reference_mined_draft
missile_weapons,Missile Weapons,missile_flight,Standard Missile Flight,7,missile_weapons_missile_flight_tl_07,Gravitic Implosion Missile Flight,Gravitic Implosion Flight,gravitic warhead,Creates a localized inward gravity pulse for severe structural and armor stress.,gravitic_warhead,intentional_draft,provisional,,medium,missile_launch_control,,,use_family_profile,Per-item support floors and hard capability tags remain to be assigned during the numerical-mechanics pass.,MOO2_MANUAL; T4_STARSHIPS; GURPS_SPACE; STARFIRE_ULTRA_COMPLETE,"Original Star Cluster draft. References influence patterns only; do not copy proprietary names, exact ladders, tables, numerical progressions, or core mechanics.",not_yet_assigned,checkpoint_23_reference_mined_draft
missile_weapons,Missile Weapons,missile_flight,Standard Missile Flight,8,missile_weapons_missile_flight_tl_08,Quantum Rupture Missile Flight,Quantum Rupture Flight,quantum warhead,Destabilizes target material or fields through a bounded quantum-coherence failure.,quantum_warhead,intentional_draft,provisional,Define damage layer interaction carefully.,medium,missile_launch_control,,,use_family_profile,Per-item support floors and hard capability tags remain to be assigned during the numerical-mechanics pass. Existing review: Define damage layer interaction carefully.,MOO2_MANUAL; T4_STARSHIPS; GURPS_SPACE; STARFIRE_ULTRA_COMPLETE,"Original Star Cluster draft. References influence patterns only; do not copy proprietary names, exact ladders, tables, numerical progressions, or core mechanics.",not_yet_assigned,checkpoint_23_reference_mined_draft
missile_weapons,Missile Weapons,missile_flight,Standard Missile Flight,9,missile_weapons_missile_flight_tl_09,Metric Collapse Missile Flight,Metric Collapse Flight,metric warhead,Pinnacle player Missile Flight producing a tightly bounded local spacetime collapse at impact.,metric_warhead,intentional_draft,provisional,Keep clearly below planet-killing or Precursor-scale effects. Review repeated use of Metric and reserve it for mechanics that truly manipulate spacetime geometry.,medium,missile_launch_control,,,use_family_profile,Per-item support floors and hard capability tags remain to be assigned during the numerical-mechanics pass. Existing review: Keep clearly below planet-killing or Precursor-scale effects.,MOO2_MANUAL; T4_STARSHIPS; GURPS_SPACE; STARFIRE_ULTRA_COMPLETE,"Original Star Cluster draft. References influence patterns only; do not copy proprietary names, exact ladders, tables, numerical progressions, or core mechanics.",not_yet_assigned,checkpoint_23_reference_mined_draft
