profile_id,label,analysis_role,promotion_status,hull,armor_integrity,shield_capacity,targeting_bonus,effective_pds_chance,ship_move,missile_move,reactor_output,standard_power_commitment,kinetic_accuracy,kinetic_spen,energy_accuracy,missile_guidance,missile_range,design_thesis
tl2-r45-null-control,TL2 Null-Vector Control,null_control,not_promoted,12,4,2,10,45,1,2,5,2,20,1,25,55,6,Exact TL1 combat vector under a TL2 diagnostic identifier; verifies that routing and labels create no hidden advantage.
tl2-r45-identity-control,Checkpoint 42 Identity Control,retained_control,not_promoted,13,5,3,15,48,2,3,6,3,25,0,30,60,7,Retains the original identity-preserving package as an upper comparison control without promoting any value.
tl2-r45-shield-tempered-control,Checkpoint 44 Shield-Tempered Control,retained_control,not_promoted,13,5,2,12,46,2,3,6,3,25,0,30,60,7,Retains the best prior no-shield-increment probe so new micro-refinements can be compared to accepted attribution evidence.
tl2-r45-structure-tempered-control,Checkpoint 44 Structure-Tempered Control,retained_control,not_promoted,12,4,3,12,46,2,3,6,3,25,0,30,60,7,Retains the prior no-structure-increment probe so the cost of the TL2 shield step remains visible.
tl2-r45-defense-neutral,Defense-Neutral Anchor,micro_refinement_probe,not_promoted,12,4,2,12,46,2,3,6,3,25,0,30,60,7,"Uses moderated fire control, full propulsion, power, weapons, and missile guidance while retaining TL1 Hull, Armor Integrity, and Shield Capacity."
tl2-r45-hull-step,Hull-Step Candidate,micro_refinement_probe,not_promoted,13,4,2,12,46,2,3,6,3,25,0,30,60,7,Adds one Hull point to the defense-neutral anchor while retaining TL1 Armor Integrity and Shield Capacity.
tl2-r45-armor-integrity-step,Armor-Integrity-Step Candidate,micro_refinement_probe,not_promoted,12,5,2,12,46,2,3,6,3,25,0,30,60,7,Adds one Armor Integrity point to the defense-neutral anchor while retaining TL1 Hull and Shield Capacity.
tl2-r45-hull-step-conservative-direct-fire,Hull Step + Conservative Direct Fire,micro_refinement_probe,not_promoted,13,4,2,12,46,2,3,6,3,23,0,28,60,7,Retains the one-Hull structural step but reduces the direct-fire accuracy increment from five to three percentage points for both direct-fire families.
tl2-r45-armor-step-conservative-direct-fire,Armor Step + Conservative Direct Fire,micro_refinement_probe,not_promoted,12,5,2,12,46,2,3,6,3,23,0,28,60,7,Retains the one-Armor-Integrity structural step but reduces the direct-fire accuracy increment from five to three percentage points for both direct-fire families.
